heading,x,y
86.1500015259,31.1508326,121.1673147
86.1500015259,31.1508326,121.167315
86.1500015259,31.1508326,121.1673151
86.1500015259,31.1508327,121.1673154
86.1500015259,31.1508327,121.1673156
86.1600036621,31.1508327,121.1673159
86.1600036621,31.1508327,121.1673161
86.1600036621,31.1508327,121.1673165
86.1600036621,31.1508327,121.1673167
86.1600036621,31.1508327,121.1673171
86.1699981689,31.1508328,121.1673174
86.1699981689,31.1508328,121.1673178
86.1699981689,31.1508328,121.1673181
86.1699981689,31.1508328,121.1673185
86.1800003052,31.1508328,121.1673188
86.1800003052,31.1508329,121.1673193
86.1800003052,31.1508329,121.1673196
86.1900024414,31.1508329,121.1673201
86.1999969482,31.1508329,121.1673205
86.2200012207,31.1508329,121.167321
86.2399978638,31.150833,121.1673213
86.2699966431,31.150833,121.1673219
86.2799987793,31.150833,121.1673223
86.3000030518,31.150833,121.1673229
86.3199996948,31.1508331,121.1673233
86.3499984741,31.1508331,121.1673239
86.3700027466,31.1508331,121.1673243
86.4199981689,31.1508331,121.1673249
86.4599990845,31.1508331,121.1673253
86.5199966431,31.1508332,121.167326
86.5599975586,31.1508332,121.1673264
86.6299972534,31.1508332,121.1673271
86.6699981689,31.1508332,121.1673275
86.7399978638,31.1508332,121.1673282
86.7900009155,31.1508332,121.1673286
86.8700027466,31.1508332,121.1673293
86.9199981689,31.1508333,121.1673298
86.9899978638,31.1508333,121.1673305
87.0400009155,31.1508333,121.167331
87.1200027466,31.1508333,121.1673317
87.1699981689,31.1508333,121.1673322
87.25,31.1508333,121.1673329
87.2900009155,31.1508333,121.1673334
87.3499984741,31.1508334,121.1673341
87.3899993896,31.1508334,121.1673346
87.4400024414,31.1508334,121.1673354
87.4800033569,31.1508334,121.1673359
87.5199966431,31.1508334,121.1673367
87.5500030518,31.1508334,121.1673372
87.5599975586,31.1508335,121.167338
87.5699996948,31.1508335,121.1673385
87.5899963379,31.1508335,121.1673393
87.5999984741,31.1508335,121.1673398
87.6200027466,31.1508336,121.1673406
87.6399993896,31.1508336,121.1673411
87.6500015259,31.1508336,121.1673419
87.6600036621,31.1508336,121.1673424
87.6699981689,31.1508336,121.1673432
87.6900024414,31.1508337,121.1673438
87.6999969482,31.1508337,121.1673446
87.7099990845,31.1508337,121.1673452
87.7099990845,31.1508337,121.167346
87.7200012207,31.1508338,121.1673465
87.7300033569,31.1508338,121.1673474
87.7300033569,31.1508338,121.1673479
87.75,31.1508338,121.1673488
87.7600021362,31.1508339,121.1673493
87.7799987793,31.1508339,121.1673501
87.7900009155,31.1508339,121.1673507
87.8000030518,31.150834,121.1673515
87.8099975586,31.150834,121.1673521
87.8199996948,31.150834,121.1673529
87.8300018311,31.150834,121.1673535
87.8399963379,31.1508341,121.1673543
87.8399963379,31.1508341,121.1673549
87.8600006104,31.1508341,121.1673557
87.8700027466,31.1508341,121.1673562
87.8899993896,31.1508342,121.1673571
87.8899993896,31.1508342,121.1673576
87.9100036621,31.1508342,121.1673584
87.9199981689,31.1508342,121.167359
87.9300003052,31.1508343,121.1673598
87.9400024414,31.1508343,121.1673603
87.9700012207,31.1508343,121.1673611
87.9800033569,31.1508343,121.1673616
88.0,31.1508343,121.1673624
88.0,31.1508343,121.167363
88.0199966431,31.1508344,121.1673638
88.0299987793,31.1508344,121.1673643
88.0400009155,31.1508344,121.1673651
88.0500030518,31.1508344,121.1673656
88.0599975586,31.1508344,121.1673664
88.0599975586,31.1508344,121.1673669
88.0599975586,31.1508345,121.1673677
88.0899963379,31.1508345,121.1673682
88.1100006104,31.1508345,121.1673689
88.1200027466,31.1508345,121.1673694
88.1299972534,31.1508345,121.1673702
88.1399993896,31.1508346,121.1673707
88.1500015259,31.1508346,121.1673714
88.1600036621,31.1508346,121.1673719
88.1699981689,31.1508346,121.1673726
88.1800003052,31.1508346,121.1673731
88.1800003052,31.1508347,121.1673738
88.1900024414,31.1508347,121.1673743
88.1999969482,31.1508347,121.167375
88.2099990845,31.1508347,121.1673755
88.2200012207,31.1508347,121.1673757
88.2300033569,31.1508347,121.1673764
88.25,31.1508348,121.1673773
88.2600021362,31.1508348,121.1673778
88.2699966431,31.1508348,121.1673785
88.2799987793,31.1508348,121.1673789
88.2900009155,31.1508348,121.1673796
88.3000030518,31.1508348,121.16738
88.3099975586,31.1508348,121.1673807
88.3300018311,31.1508349,121.1673811
88.3399963379,31.1508349,121.1673817
88.3499984741,31.1508349,121.1673821
88.3600006104,31.1508349,121.1673828
88.3700027466,31.150835,121.1673832
88.3799972534,31.150835,121.1673838
88.3899993896,31.150835,121.1673842
88.4100036621,31.150835,121.1673848
88.4199981689,31.150835,121.1673852
88.4199981689,31.1508351,121.1673858
88.4300003052,31.1508351,121.1673862
88.4300003052,31.1508351,121.1673868
88.4400024414,31.1508351,121.1673872
88.4499969482,31.1508351,121.1673878
88.4599990845,31.1508351,121.1673881
88.4700012207,31.1508352,121.1673887
88.4700012207,31.1508352,121.1673891
88.4899978638,31.1508352,121.1673896
88.4899978638,31.1508352,121.16739
88.5,31.1508352,121.1673905
88.5100021362,31.1508352,121.1673909
88.5100021362,31.1508352,121.1673913
88.5199966431,31.1508353,121.1673918
88.5299987793,31.1508353,121.1673923
88.5299987793,31.1508353,121.1673927
88.5400009155,31.1508353,121.1673932
88.5400009155,31.1508353,121.1673935
88.5599975586,31.1508353,121.167394
88.5599975586,31.1508353,121.1673944
88.5699996948,31.1508353,121.1673949
88.5800018311,31.1508353,121.1673952
88.5899963379,31.1508354,121.1673957
88.5899963379,31.1508354,121.167396
88.5999984741,31.1508354,121.1673965
88.6100006104,31.1508354,121.1673968
88.6200027466,31.1508354,121.1673973
88.6200027466,31.1508354,121.1673976
88.6299972534,31.1508354,121.1673981
88.6399993896,31.1508354,121.1673984
88.6500015259,31.1508354,121.1673989
88.6500015259,31.1508355,121.1673992
88.6600036621,31.1508355,121.1673996
88.6600036621,31.1508355,121.1673999
88.6800003052,31.1508355,121.1674004
88.6800003052,31.1508355,121.1674007
88.6900024414,31.1508355,121.1674012
88.6900024414,31.1508355,121.1674015
88.7099990845,31.1508355,121.1674019
88.7200012207,31.1508355,121.1674022
88.7300033569,31.1508355,121.1674027
88.7399978638,31.1508355,121.167403
88.7399978638,31.1508355,121.1674035
88.75,31.1508356,121.1674038
88.7600021362,31.1508356,121.1674042
88.7699966431,31.1508356,121.1674045
88.7799987793,31.1508356,121.167405
88.7799987793,31.1508356,121.1674053
88.7799987793,31.1508356,121.1674058
88.7799987793,31.1508356,121.1674062
88.7699966431,31.1508356,121.1674066
88.7600021362,31.1508356,121.167407
88.7399978638,31.1508357,121.1674075
88.7300033569,31.1508357,121.1674078
88.7200012207,31.1508357,121.1674083
88.7099990845,31.1508357,121.1674086
88.6900024414,31.1508357,121.1674091
88.6800003052,31.1508357,121.1674095
88.6699981689,31.1508357,121.16741
88.6600036621,31.1508358,121.1674103
88.6399993896,31.1508358,121.1674108
88.6200027466,31.1508358,121.1674111
88.6100006104,31.1508358,121.1674117
88.5999984741,31.1508358,121.167412
88.5800018311,31.1508358,121.1674125
88.5699996948,31.1508359,121.1674129
88.5500030518,31.1508359,121.1674134
88.5299987793,31.1508359,121.1674138
88.5100021362,31.1508359,121.1674143
88.5,31.1508359,121.1674146
88.4800033569,31.1508359,121.1674152
88.4700012207,31.1508359,121.1674155
88.4499969482,31.150836,121.1674161
88.4400024414,31.150836,121.1674164
88.4300003052,31.150836,121.1674169
88.4199981689,31.150836,121.1674173
88.4000015259,31.150836,121.1674178
88.3899993896,31.150836,121.1674181
88.3799972534,31.1508361,121.1674187
88.3700027466,31.1508361,121.167419
88.3700027466,31.1508361,121.1674195
88.3700027466,31.1508361,121.1674198
88.3700027466,31.1508361,121.1674204
88.3700027466,31.1508361,121.1674207
88.3799972534,31.1508361,121.1674212
88.3899993896,31.1508361,121.1674215
88.4100036621,31.1508361,121.167422
88.4300003052,31.1508362,121.1674224
88.4599990845,31.1508362,121.1674229
88.4700012207,31.1508362,121.1674232
88.5100021362,31.1508362,121.1674237
88.5400009155,31.1508362,121.1674241
88.5800018311,31.1508362,121.1674246
88.6299972534,31.1508362,121.167425
88.6800003052,31.1508362,121.1674255
88.7099990845,31.1508362,121.1674258
88.75,31.1508362,121.1674263
88.8099975586,31.1508362,121.1674267
88.8600006104,31.1508362,121.1674272
88.8899993896,31.1508362,121.1674276
88.9499969482,31.1508362,121.1674281
88.9899978638,31.1508362,121.1674284
89.0500030518,31.1508362,121.1674289
89.0899963379,31.1508362,121.1674293
89.1399993896,31.1508362,121.1674298
89.1800003052,31.1508362,121.1674301
89.2399978638,31.1508362,121.1674306
89.2699966431,31.1508362,121.167431
89.3300018311,31.1508362,121.1674315
89.3700027466,31.1508362,121.1674318
89.4199981689,31.1508362,121.1674324
89.4499969482,31.1508362,121.1674327
89.4899978638,31.1508361,121.1674332
89.5500030518,31.1508361,121.1674336
89.5999984741,31.1508361,121.1674341
89.6299972534,31.1508361,121.1674344
89.6699981689,31.1508361,121.1674349
89.6900024414,31.1508361,121.1674353
89.7300033569,31.1508361,121.1674358
89.7600021362,31.1508361,121.1674361
89.8000030518,31.1508361,121.1674366
89.8300018311,31.1508361,121.167437
89.8700027466,31.1508361,121.1674375
89.8899993896,31.150836,121.1674378
89.9300003052,31.150836,121.1674383
89.9599990845,31.150836,121.1674387
90.0100021362,31.150836,121.1674392
90.0400009155,31.150836,121.1674395
90.0800018311,31.150836,121.16744
90.0999984741,31.150836,121.1674404
90.1399993896,31.150836,121.1674409
90.1699981689,31.150836,121.1674413
90.2099990845,31.150836,121.1674418
90.2399978638,31.150836,121.1674422
90.2699966431,31.150836,121.1674427
90.2900009155,31.150836,121.1674431
90.3000030518,31.150836,121.1674436
90.3099975586,31.150836,121.167444
90.3199996948,31.150836,121.1674445
90.3300018311,31.150836,121.1674449
90.3499984741,31.150836,121.1674455
90.3499984741,31.150836,121.1674458
90.3600006104,31.1508359,121.1674464
90.3700027466,31.1508359,121.1674468
90.3799972534,31.1508359,121.1674473
90.3899993896,31.1508359,121.1674477
90.4100036621,31.1508359,121.1674482
90.4100036621,31.1508359,121.1674486
90.4300003052,31.1508359,121.1674492
90.4300003052,31.1508359,121.1674495
90.4499969482,31.1508359,121.1674501
90.4599990845,31.1508359,121.1674504
90.4700012207,31.1508359,121.1674509
90.4700012207,31.1508359,121.1674513
90.4800033569,31.1508359,121.1674518
90.4899978638,31.1508359,121.1674522
90.5,31.1508359,121.1674527
90.5100021362,31.1508359,121.167453
90.5199966431,31.1508358,121.1674536
90.5299987793,31.1508358,121.1674539
90.5400009155,31.1508358,121.1674544
90.5500030518,31.1508358,121.1674548
90.5599975586,31.1508358,121.1674553
90.5699996948,31.1508358,121.1674556
90.5800018311,31.1508358,121.1674561
90.5999984741,31.1508358,121.1674565
90.6200027466,31.1508358,121.167457
90.6399993896,31.1508358,121.1674573
90.6500015259,31.1508358,121.1674578
90.6699981689,31.1508358,121.1674581
90.6999969482,31.1508358,121.1674586
90.7200012207,31.1508358,121.167459
90.75,31.1508358,121.1674595
90.7600021362,31.1508358,121.1674598
90.7900009155,31.1508357,121.1674603
90.8099975586,31.1508357,121.1674606
90.8300018311,31.1508357,121.1674611
90.8499984741,31.1508357,121.1674614
90.8799972534,31.1508357,121.1674619
90.8899993896,31.1508357,121.1674623
90.9199981689,31.1508357,121.1674628
90.9400024414,31.1508357,121.1674631
90.9599990845,31.1508357,121.1674636
90.9800033569,31.1508357,121.167464
91.0,31.1508357,121.1674645
91.0199966431,31.1508357,121.1674648
91.0400009155,31.1508357,121.1674653
91.0599975586,31.1508356,121.1674657
91.0800018311,31.1508356,121.1674662
91.0999984741,31.1508356,121.1674666
91.1299972534,31.1508356,121.1674671
91.1500015259,31.1508356,121.1674674
91.1600036621,31.1508356,121.1674679
91.1900024414,31.1508356,121.1674683
91.2200012207,31.1508356,121.1674688
91.2399978638,31.1508356,121.1674691
91.2699966431,31.1508356,121.1674697
91.2799987793,31.1508356,121.16747
91.2799987793,31.1508356,121.16747
91.3499984741,31.1508355,121.1674709
91.4100036621,31.1508355,121.1674714
91.4499969482,31.1508355,121.1674718
91.5,31.1508355,121.1674723
91.5299987793,31.1508355,121.1674726
91.5800018311,31.1508355,121.1674732
91.6200027466,31.1508354,121.1674735
91.6800003052,31.1508354,121.167474
91.7200012207,31.1508354,121.1674744
91.7699966431,31.1508354,121.1674749
91.8099975586,31.1508354,121.1674753
91.8700027466,31.1508354,121.1674758
91.9000015259,31.1508354,121.1674762
91.9599990845,31.1508353,121.1674767
91.9899978638,31.1508353,121.1674771
92.0500030518,31.1508353,121.1674776
92.0899963379,31.1508353,121.1674779
92.1500015259,31.1508353,121.1674784
92.1800003052,31.1508353,121.1674788
92.2300033569,31.1508352,121.1674793
92.25,31.1508352,121.1674797
92.2699966431,31.1508352,121.1674802
92.2799987793,31.1508352,121.1674805
92.2900009155,31.1508352,121.167481
92.3099975586,31.1508351,121.1674814
92.3300018311,31.1508351,121.1674819
92.3399963379,31.1508351,121.1674822
92.3499984741,31.1508351,121.1674827
92.3499984741,31.1508351,121.1674831
92.3700027466,31.1508351,121.1674836
92.3799972534,31.1508351,121.1674839
92.3899993896,31.1508351,121.1674844
92.4000015259,31.150835,121.1674847
92.4100036621,31.150835,121.1674852
92.4199981689,31.150835,121.1674856
92.4400024414,31.150835,121.167486
92.4400024414,31.150835,121.1674864
92.4499969482,31.150835,121.1674869
92.4599990845,31.150835,121.1674872
92.4800033569,31.150835,121.1674877
92.4899978638,31.150835,121.167488
92.5,31.150835,121.1674885
92.5100021362,31.1508349,121.1674888
92.5199966431,31.1508349,121.1674893
92.5299987793,31.1508349,121.1674896
92.5400009155,31.1508349,121.1674901
92.5500030518,31.1508349,121.1674905
92.5599975586,31.1508349,121.167491
92.5699996948,31.1508349,121.1674913
92.5800018311,31.1508349,121.1674918
92.5899963379,31.1508348,121.1674921
92.5999984741,31.1508348,121.1674927
92.6100006104,31.1508348,121.167493
92.6200027466,31.1508348,121.1674935
92.6299972534,31.1508348,121.1674939
92.6399993896,31.1508348,121.1674944
92.6500015259,31.1508348,121.1674947
92.6600036621,31.1508348,121.1674952
92.6699981689,31.1508348,121.1674956
92.6800003052,31.1508347,121.1674961
92.6900024414,31.1508347,121.1674965
92.7099990845,31.1508347,121.167497
92.7200012207,31.1508347,121.1674974
92.7300033569,31.1508347,121.1674979
92.7399978638,31.1508346,121.1674982
92.75,31.1508346,121.1674988
92.7600021362,31.1508346,121.1674991
92.7799987793,31.1508346,121.1674996
92.7900009155,31.1508346,121.1675
92.8000030518,31.1508346,121.1675005
92.8099975586,31.1508345,121.1675009
92.8300018311,31.1508345,121.1675014
92.8399963379,31.1508345,121.1675017
92.8499984741,31.1508345,121.1675023
92.8499984741,31.1508345,121.1675026
92.8700027466,31.1508344,121.1675031
92.8799972534,31.1508344,121.1675035
92.9100036621,31.1508344,121.167504
92.9300003052,31.1508344,121.1675043
92.9499969482,31.1508344,121.1675049
92.9599990845,31.1508344,121.1675052
92.9899978638,31.1508343,121.1675057
93.0100021362,31.1508343,121.167506
93.0400009155,31.1508343,121.1675066
93.0500030518,31.1508343,121.1675069
93.0800018311,31.1508343,121.1675074
93.0999984741,31.1508342,121.1675077
93.1299972534,31.1508342,121.1675082
93.1500015259,31.1508342,121.1675085
93.1800003052,31.1508342,121.167509
93.1999969482,31.1508342,121.1675094
93.2200012207,31.1508342,121.1675098
93.25,31.1508341,121.1675102
93.2699966431,31.1508341,121.1675107
93.3000030518,31.1508341,121.167511
93.3199996948,31.1508341,121.1675115
93.3399963379,31.150834,121.1675118
93.3700027466,31.150834,121.1675123
93.3799972534,31.150834,121.1675126
93.4000015259,31.150834,121.1675131
93.4199981689,31.150834,121.1675135
93.4499969482,31.1508339,121.167514
93.4700012207,31.1508339,121.1675143
93.4899978638,31.1508339,121.1675148
93.5100021362,31.1508339,121.1675151
93.5299987793,31.1508338,121.1675156
93.5500030518,31.1508338,121.1675159
93.5800018311,31.1508338,121.1675164
93.5999984741,31.1508338,121.1675168
93.6200027466,31.1508337,121.1675172
93.6399993896,31.1508337,121.1675176
93.6699981689,31.1508337,121.1675181
93.6900024414,31.1508337,121.1675184
93.7099990845,31.1508337,121.1675189
93.7399978638,31.1508336,121.1675192
93.7699966431,31.1508336,121.1675197
93.8000030518,31.1508336,121.16752
93.8300018311,31.1508336,121.1675205
93.8600006104,31.1508335,121.1675209
93.9199981689,31.1508335,121.1675214
93.9499969482,31.1508335,121.1675217
94.0100021362,31.1508335,121.1675222
94.0400009155,31.1508334,121.1675226
94.0899963379,31.1508334,121.1675231
94.1299972534,31.1508334,121.1675235
94.1900024414,31.1508333,121.167524
94.2200012207,31.1508333,121.1675243
94.2799987793,31.1508333,121.1675249
94.3099975586,31.1508333,121.1675252
94.3700027466,31.1508332,121.1675258
94.4100036621,31.1508332,121.1675261
94.4599990845,31.1508332,121.1675266
94.5,31.1508331,121.167527
94.5599975586,31.1508331,121.1675275
94.5999984741,31.1508331,121.1675279
94.6600036621,31.150833,121.1675284
94.6900024414,31.150833,121.1675287
94.75,31.150833,121.1675293
94.7900009155,31.1508329,121.1675296
94.8499984741,31.1508329,121.1675302
94.8799972534,31.1508329,121.1675305
94.9400024414,31.1508328,121.167531
94.9700012207,31.1508328,121.1675314
95.0299987793,31.1508327,121.1675319
95.0699996948,31.1508327,121.1675323
95.1200027466,31.1508327,121.1675328
95.1500015259,31.1508326,121.1675332
95.2099990845,31.1508326,121.1675337
95.25,31.1508326,121.167534
95.3000030518,31.1508325,121.1675345
95.3399963379,31.1508325,121.1675349
95.3899993896,31.1508325,121.1675354
95.4300003052,31.1508324,121.1675357
95.4599990845,31.1508324,121.1675362
95.5199966431,31.1508323,121.1675366
95.5800018311,31.1508323,121.1675371
95.6100006104,31.1508323,121.1675374
95.6600036621,31.1508322,121.1675379
95.6999969482,31.1508322,121.1675382
95.7600021362,31.1508321,121.1675387
95.7900009155,31.1508321,121.167539
95.8399963379,31.1508321,121.1675395
95.8799972534,31.150832,121.1675398
95.9300003052,31.150832,121.1675403
95.9599990845,31.150832,121.1675406
96.0100021362,31.1508319,121.1675411
96.0500030518,31.1508319,121.1675415
96.0999984741,31.1508318,121.1675419
96.1399993896,31.1508318,121.1675423
96.1900024414,31.1508318,121.1675428
96.2200012207,31.1508317,121.1675431
96.2799987793,31.1508317,121.1675436
96.3099975586,31.1508316,121.1675439
96.3700027466,31.1508316,121.1675444
96.4000015259,31.1508316,121.1675448
96.4499969482,31.1508315,121.1675453
96.4899978638,31.1508315,121.1675456
96.5500030518,31.1508314,121.1675461
96.5899963379,31.1508314,121.1675465
96.6200027466,31.1508314,121.167547
96.6800003052,31.1508313,121.1675473
96.7399978638,31.1508313,121.1675479
96.7699966431,31.1508312,121.1675482
96.8300018311,31.1508312,121.1675487
96.8700027466,31.1508311,121.1675491
96.9300003052,31.1508311,121.1675496
96.9599990845,31.150831,121.16755
97.0199966431,31.150831,121.1675505
97.0599975586,31.1508309,121.1675509
97.1200027466,31.1508309,121.1675514
97.1600036621,31.1508308,121.1675517
97.2099990845,31.1508308,121.1675523
97.2399978638,31.1508307,121.1675526
97.3000030518,31.1508307,121.1675532
97.3399963379,31.1508306,121.1675535
97.4000015259,31.1508306,121.1675541
97.4400024414,31.1508305,121.1675544
97.4899978638,31.1508305,121.167555
97.5400009155,31.1508304,121.1675553
97.5899963379,31.1508304,121.1675559
97.6200027466,31.1508303,121.1675562
97.6699981689,31.1508303,121.1675568
97.7200012207,31.1508302,121.1675571
97.7799987793,31.1508302,121.1675576
97.8199996948,31.1508301,121.167558
97.8700027466,31.15083,121.1675585
97.9000015259,31.15083,121.1675588
97.9599990845,31.1508299,121.1675594
98.0,31.1508299,121.1675597
98.0599975586,31.1508298,121.1675602
98.0899963379,31.1508298,121.1675606
98.1500015259,31.1508297,121.1675611
98.1900024414,31.1508296,121.1675614
98.2399978638,31.1508296,121.1675619
98.2699966431,31.1508295,121.1675622
98.3199996948,31.1508294,121.1675627
98.3199996948,31.1508294,121.1675627
98.3199996948,31.1508294,121.1675627
98.3600006104,31.1508293,121.1675635
98.3799972534,31.1508292,121.1675642
98.4000015259,31.1508291,121.1675646
98.4100036621,31.1508291,121.167565
98.4100036621,31.150829,121.1675653
98.3899993896,31.150829,121.1675658
98.3799972534,31.150829,121.1675661
98.3700027466,31.1508289,121.1675666
98.3600006104,31.1508289,121.1675669
98.3399963379,31.1508288,121.1675673
98.3199996948,31.1508288,121.1675676
98.3099975586,31.1508287,121.1675681
98.3000030518,31.1508287,121.1675684
98.2799987793,31.1508286,121.1675689
98.2699966431,31.1508286,121.1675692
98.25,31.1508286,121.1675695
98.2399978638,31.1508285,121.16757
98.2300033569,31.1508285,121.1675704
98.2099990845,31.1508284,121.1675707
98.1900024414,31.1508284,121.1675712
98.1800003052,31.1508283,121.1675715
98.1600036621,31.1508283,121.167572
98.1500015259,31.1508283,121.1675723
98.1299972534,31.1508282,121.1675727
98.1200027466,31.1508282,121.1675731
98.0999984741,31.1508281,121.1675735
98.0899963379,31.1508281,121.1675738
98.0699996948,31.150828,121.1675743
98.0599975586,31.150828,121.1675746
98.0400009155,31.150828,121.1675751
98.0299987793,31.1508279,121.1675754
98.0199966431,31.1508279,121.1675759
98.0199966431,31.1508278,121.1675762
98.0100021362,31.1508278,121.1675767
98.0100021362,31.1508278,121.1675771
98.0100021362,31.1508277,121.1675776
98.0100021362,31.1508277,121.1675779
98.0100021362,31.1508276,121.1675784
98.0100021362,31.1508276,121.1675787
98.0100021362,31.1508275,121.1675793
98.0100021362,31.1508275,121.1675796
98.0100021362,31.1508274,121.1675801
98.0,31.1508274,121.1675805
98.0100021362,31.1508273,121.167581
98.0,31.1508273,121.1675814
98.0,31.1508272,121.1675819
98.0,31.1508272,121.1675823
98.0,31.1508271,121.1675828
98.0,31.1508271,121.1675832
98.0,31.150827,121.1675837
98.0,31.150827,121.1675841
98.0,31.1508269,121.1675846
98.0,31.1508269,121.167585
98.0,31.1508268,121.1675855
98.0100021362,31.1508268,121.1675859
98.0100021362,31.1508267,121.1675864
98.0100021362,31.1508267,121.1675868
98.0100021362,31.1508267,121.1675874
98.0199966431,31.1508266,121.1675877
98.0299987793,31.1508266,121.1675883
98.0299987793,31.1508265,121.1675887
98.0199966431,31.1508264,121.1675892
98.0199966431,31.1508264,121.1675896
98.0199966431,31.1508263,121.1675901
98.0299987793,31.1508263,121.1675905
98.0199966431,31.1508262,121.167591
98.0100021362,31.1508262,121.1675914
98.0100021362,31.1508261,121.1675919
98.0100021362,31.1508261,121.1675923
98.0100021362,31.150826,121.1675928
98.0199966431,31.1508259,121.1675932
98.0199966431,31.1508259,121.1675937
98.0199966431,31.1508258,121.167594
98.0100021362,31.1508258,121.1675945
98.0100021362,31.1508257,121.1675949
98.0199966431,31.1508256,121.1675953
98.0199966431,31.1508256,121.1675957
98.0199966431,31.1508256,121.1675961
98.0299987793,31.1508255,121.1675964
98.0299987793,31.1508255,121.1675969
98.0400009155,31.1508255,121.1675972
98.0400009155,31.1508254,121.1675977
98.0400009155,31.1508254,121.167598
98.0500030518,31.1508253,121.1675984
98.0500030518,31.1508253,121.1675988
98.0500030518,31.1508252,121.1675992
98.0500030518,31.1508252,121.1675995
98.0500030518,31.1508251,121.1676
98.0500030518,31.1508251,121.1676003
98.0599975586,31.1508251,121.1676007
98.0500030518,31.150825,121.167601
98.0500030518,31.150825,121.1676015
98.0400009155,31.1508249,121.1676018
98.0500030518,31.1508249,121.1676022
98.0500030518,31.1508248,121.1676025
98.0599975586,31.1508248,121.167603
98.0599975586,31.1508248,121.1676033
98.0800018311,31.1508247,121.1676037
98.0999984741,31.1508247,121.167604
98.1200027466,31.1508246,121.1676045
98.1299972534,31.1508246,121.1676048
98.1500015259,31.1508245,121.1676052
98.1600036621,31.1508245,121.1676055
98.1900024414,31.1508245,121.167606
98.1999969482,31.1508244,121.1676063
98.2200012207,31.1508244,121.1676068
98.2399978638,31.1508243,121.1676071
98.2600021362,31.1508243,121.1676076
98.2799987793,31.1508242,121.1676079
98.3099975586,31.1508242,121.1676084
98.3199996948,31.1508241,121.1676087
98.3499984741,31.1508241,121.1676092
98.3700027466,31.1508241,121.1676096
98.4000015259,31.150824,121.1676101
98.4100036621,31.1508239,121.1676104
98.4400024414,31.1508239,121.1676109
98.4800033569,31.1508238,121.1676113
98.5299987793,31.1508238,121.1676118
98.5699996948,31.1508237,121.1676121
98.6200027466,31.1508236,121.1676127
98.6600036621,31.1508236,121.167613
98.7099990845,31.1508235,121.1676135
98.75,31.1508235,121.1676139
98.8199996948,31.1508234,121.1676145
98.8600006104,31.1508233,121.1676148
98.9300003052,31.1508233,121.1676153
98.9800033569,31.1508232,121.1676157
99.0699996948,31.1508231,121.1676163
99.1299972534,31.1508231,121.1676166
99.2200012207,31.150823,121.1676171
99.2799987793,31.1508229,121.1676175
99.3399963379,31.1508228,121.1676181
99.4300003052,31.1508228,121.1676184
99.5199966431,31.1508227,121.167619
99.5800018311,31.1508226,121.1676193
99.6399993896,31.1508225,121.1676199
99.7200012207,31.1508225,121.1676203
99.8099975586,31.1508224,121.1676208
99.8700027466,31.1508223,121.1676212
99.9599990845,31.1508222,121.1676217
100.019996643,31.1508221,121.1676221
100.11000061,31.150822,121.1676226
100.169998169,31.150822,121.167623
100.260002136,31.1508219,121.1676235
100.309997559,31.1508218,121.1676239
100.379997253,31.1508217,121.1676244
100.430000305,31.1508217,121.1676247
100.5,31.1508216,121.1676253
100.550003052,31.1508215,121.1676256
100.61000061,31.1508214,121.1676261
100.63999939,31.1508214,121.1676265
100.680000305,31.1508213,121.167627
100.709999084,31.1508212,121.1676274
100.739997864,31.1508211,121.1676279
100.779998779,31.1508211,121.1676282
100.819999695,31.150821,121.1676287
100.839996338,31.150821,121.1676291
100.870002747,31.1508209,121.1676296
100.879997253,31.1508208,121.1676299
100.88999939,31.1508207,121.1676304
100.900001526,31.1508207,121.1676307
100.910003662,31.1508206,121.1676312
100.910003662,31.1508205,121.1676316
100.910003662,31.1508205,121.1676321
100.900001526,31.1508204,121.1676324
100.879997253,31.1508204,121.1676329
100.86000061,31.1508203,121.1676332
100.849998474,31.1508202,121.1676337
100.839996338,31.1508202,121.167634
100.819999695,31.1508201,121.1676345
100.809997559,31.1508201,121.1676348
100.790000916,31.15082,121.1676353
100.779998779,31.15082,121.1676356
100.75,31.1508199,121.1676361
100.720001221,31.1508198,121.1676364
100.680000305,31.1508198,121.1676369
100.650001526,31.1508197,121.1676373
100.599998474,31.1508197,121.1676378
100.569999695,31.1508196,121.1676381
100.519996643,31.1508196,121.1676386
100.489997864,31.1508195,121.167639
100.440002441,31.1508195,121.1676395
100.400001526,31.1508194,121.1676398
100.349998474,31.1508194,121.1676404
100.309997559,31.1508193,121.1676407
100.260002136,31.1508192,121.1676412
100.220001221,31.1508192,121.1676416
100.169998169,31.1508191,121.1676421
100.13999939,31.1508191,121.1676425
100.089996338,31.150819,121.167643
100.050003052,31.150819,121.1676433
100.0,31.1508189,121.1676439
99.9599990845,31.1508189,121.1676442
99.9100036621,31.1508188,121.1676448
99.8799972534,31.1508187,121.1676451
99.8499984741,31.1508187,121.1676457
99.7900009155,31.1508186,121.167646
99.7399978638,31.1508186,121.1676466
99.7099990845,31.1508185,121.1676469
99.6600036621,31.1508185,121.1676475
99.6299972534,31.1508184,121.1676478
99.5800018311,31.1508184,121.1676484
99.5400009155,31.1508183,121.1676487
99.5,31.1508183,121.1676493
99.4700012207,31.1508182,121.1676496
99.4300003052,31.1508182,121.1676501
99.3799972534,31.1508181,121.1676505
99.3300018311,31.1508181,121.167651
99.3000030518,31.150818,121.1676514
99.25,31.150818,121.1676519
99.2200012207,31.1508179,121.1676523
99.1699981689,31.1508179,121.1676528
99.1399993896,31.1508178,121.1676531
99.0899963379,31.1508178,121.1676536
99.0599975586,31.1508177,121.167654
99.0500030518,31.1508177,121.1676541
99.0500030518,31.1508177,121.1676541
98.9599990845,31.1508176,121.1676551
98.9199981689,31.1508175,121.1676556
98.8700027466,31.1508175,121.1676561
98.8499984741,31.1508175,121.1676565
98.8199996948,31.1508174,121.167657
98.8099975586,31.1508174,121.1676573
98.7799987793,31.1508173,121.1676578
98.7600021362,31.1508173,121.1676581
98.7300033569,31.1508172,121.1676586
98.7200012207,31.1508172,121.1676589
98.6900024414,31.1508171,121.1676594
98.6699981689,31.1508171,121.1676598
98.6399993896,31.1508171,121.1676603
98.6200027466,31.150817,121.1676606
98.5999984741,31.150817,121.1676611
98.5800018311,31.1508169,121.1676614
98.5500030518,31.1508169,121.167662
98.5299987793,31.1508168,121.1676623
98.5100021362,31.1508168,121.1676628
98.4899978638,31.1508167,121.1676631
98.4599990845,31.1508167,121.1676636
98.4499969482,31.1508166,121.167664
98.4199981689,31.1508166,121.1676645
98.4000015259,31.1508166,121.1676649
98.3700027466,31.1508165,121.1676654
98.3499984741,31.1508165,121.1676657
98.3300018311,31.1508164,121.1676663
98.3300018311,31.1508164,121.1676666
98.3199996948,31.1508163,121.1676672
98.3099975586,31.1508163,121.1676675
98.3099975586,31.1508162,121.1676681
98.3000030518,31.1508162,121.1676684
98.2900009155,31.1508161,121.167669
98.2900009155,31.1508161,121.1676693
98.2900009155,31.150816,121.1676699
98.2799987793,31.150816,121.1676702
98.2699966431,31.1508159,121.1676708
98.2699966431,31.1508159,121.1676711
98.2699966431,31.1508158,121.1676717
98.2600021362,31.1508158,121.1676721
98.25,31.1508157,121.1676726
98.25,31.1508157,121.167673
98.25,31.1508156,121.1676735
98.25,31.1508155,121.1676739
98.25,31.1508155,121.1676744
98.2399978638,31.1508154,121.1676748
98.2399978638,31.1508154,121.1676753
98.2399978638,31.1508153,121.1676757
98.2399978638,31.1508153,121.1676762
98.2399978638,31.1508152,121.1676765
98.25,31.1508152,121.1676771
98.2600021362,31.1508151,121.1676774
98.2900009155,31.1508151,121.1676779
98.3000030518,31.150815,121.1676783
98.3300018311,31.150815,121.1676788
98.3399963379,31.1508149,121.1676792
98.3600006104,31.1508148,121.1676797
98.3799972534,31.1508148,121.16768
98.4000015259,31.1508147,121.1676805
98.4199981689,31.1508147,121.1676809
98.4400024414,31.1508146,121.1676814
98.4599990845,31.1508146,121.1676817
98.4899978638,31.1508145,121.1676822
98.5,31.1508145,121.1676826
98.5299987793,31.1508144,121.1676831
98.5400009155,31.1508144,121.1676834
98.5699996948,31.1508143,121.1676839
98.5899963379,31.1508143,121.1676842
98.6100006104,31.1508142,121.1676847
98.6299972534,31.1508142,121.1676851
98.6500015259,31.1508141,121.1676855
98.6699981689,31.1508141,121.1676859
98.6999969482,31.150814,121.1676864
98.7200012207,31.150814,121.1676867
98.75,31.1508139,121.1676872
98.7699966431,31.1508139,121.1676875
98.8199996948,31.1508138,121.167688
98.8600006104,31.1508137,121.1676884
98.8899993896,31.1508137,121.1676887
98.9499969482,31.1508136,121.1676892
98.9899978638,31.1508135,121.1676897
99.0299987793,31.1508135,121.16769
99.0800018311,31.1508134,121.1676905
99.1100006104,31.1508134,121.1676909
99.1699981689,31.1508133,121.1676914
99.1999969482,31.1508132,121.1676917
99.25,31.1508132,121.1676922
99.2900009155,31.1508131,121.1676926
99.3399963379,31.150813,121.1676931
99.3799972534,31.150813,121.1676934
99.4499969482,31.1508129,121.167694
99.5100021362,31.1508128,121.1676943
99.5999984741,31.1508128,121.1676948
99.6500015259,31.1508127,121.1676952
99.7399978638,31.1508126,121.1676957
99.8000030518,31.1508126,121.167696
99.8899993896,31.1508125,121.1676966
99.9499969482,31.1508124,121.1676969
100.040000916,31.1508123,121.1676974
100.099998474,31.1508123,121.1676978
100.180000305,31.1508122,121.1676983
100.239997864,31.1508121,121.1676987
100.330001831,31.150812,121.1676992
100.379997253,31.1508119,121.1676996
100.470001221,31.1508118,121.1677001
100.529998779,31.1508118,121.1677005
100.61000061,31.1508117,121.167701
100.669998169,31.1508116,121.1677014
100.769996643,31.1508115,121.1677019
100.830001831,31.1508114,121.1677023
100.910003662,31.1508113,121.1677028
100.970001221,31.1508113,121.1677032
101.050003052,31.1508112,121.1677037
101.11000061,31.1508111,121.167704
101.180000305,31.150811,121.1677046
101.230003357,31.150811,121.1677049
101.300003052,31.1508109,121.1677054
101.349998474,31.1508108,121.1677058
101.430000305,31.1508107,121.1677063
101.470001221,31.1508106,121.1677067
101.519996643,31.1508105,121.1677072
101.550003052,31.1508105,121.1677076
101.580001831,31.1508104,121.1677081
101.589996338,31.1508103,121.1677084
101.599998474,31.1508102,121.167709
101.61000061,31.1508102,121.1677093
101.620002747,31.1508101,121.1677098
101.629997253,31.15081,121.1677102
101.629997253,31.1508099,121.1677107
101.63999939,31.1508099,121.167711
101.63999939,31.1508098,121.1677115
101.650001526,31.1508097,121.1677119
101.660003662,31.1508096,121.1677124
101.660003662,31.1508096,121.1677127
101.660003662,31.1508095,121.1677132
101.650001526,31.1508094,121.1677135
101.63999939,31.1508094,121.167714
101.629997253,31.1508093,121.1677143
101.61000061,31.1508092,121.1677148
101.599998474,31.1508092,121.1677152
101.580001831,31.1508091,121.1677157
101.569999695,31.150809,121.167716
101.550003052,31.150809,121.1677165
101.540000916,31.1508089,121.1677168
101.519996643,31.1508088,121.1677173
101.510002136,31.1508088,121.1677176
101.489997864,31.1508087,121.1677181
101.470001221,31.1508086,121.1677185
101.449996948,31.1508086,121.167719
101.430000305,31.1508085,121.1677193
101.410003662,31.1508084,121.1677198
101.400001526,31.1508084,121.1677202
101.379997253,31.1508083,121.1677207
101.36000061,31.1508082,121.167721
101.339996338,31.1508082,121.1677215
101.330001831,31.1508081,121.1677219
101.309997559,31.150808,121.1677224
101.300003052,31.150808,121.1677227
101.279998779,31.1508079,121.1677232
101.260002136,31.1508078,121.1677236
101.239997864,31.1508078,121.1677241
101.230003357,31.1508077,121.1677245
101.209999084,31.1508076,121.167725
101.199996948,31.1508076,121.1677253
101.180000305,31.1508075,121.1677259
101.180000305,31.1508074,121.1677262
101.180000305,31.1508074,121.1677266
101.180000305,31.1508073,121.1677271
101.180000305,31.1508072,121.1677276
101.180000305,31.1508071,121.167728
101.180000305,31.150807,121.1677285
101.180000305,31.150807,121.1677288
101.180000305,31.1508069,121.1677294
101.180000305,31.1508069,121.1677297
101.180000305,31.1508068,121.1677302
101.180000305,31.1508067,121.1677306
101.180000305,31.1508066,121.1677311
101.180000305,31.1508066,121.1677314
101.180000305,31.1508065,121.167732
101.180000305,31.1508064,121.1677323
101.190002441,31.1508063,121.1677328
101.199996948,31.1508063,121.1677331
101.199996948,31.1508062,121.1677336
101.199996948,31.1508062,121.167734
101.199996948,31.1508061,121.1677345
101.199996948,31.150806,121.1677348
101.209999084,31.1508059,121.1677353
101.209999084,31.1508059,121.1677357
101.209999084,31.1508058,121.1677362
101.209999084,31.1508057,121.1677365
101.220001221,31.1508057,121.167737
101.230003357,31.1508056,121.1677374
101.25,31.1508055,121.1677379
101.260002136,31.1508055,121.1677382
101.279998779,31.1508054,121.1677387
101.290000916,31.1508053,121.1677391
101.309997559,31.1508052,121.1677396
101.330001831,31.1508052,121.1677399
101.36000061,31.1508051,121.1677404
101.370002747,31.150805,121.1677408
101.379997253,31.1508049,121.1677413
101.38999939,31.1508049,121.1677416
101.400001526,31.1508048,121.1677422
101.410003662,31.1508047,121.1677425
101.419998169,31.1508047,121.167743
101.430000305,31.1508046,121.1677434
101.440002441,31.1508045,121.1677439
101.449996948,31.1508044,121.1677442
101.459999084,31.1508044,121.1677447
101.470001221,31.1508043,121.1677451
101.489997864,31.1508042,121.1677456
101.489997864,31.1508041,121.167746
101.5,31.1508041,121.1677465
101.510002136,31.150804,121.1677468
101.510002136,31.150804,121.167747
101.510002136,31.1508039,121.1677474
101.480003357,31.1508038,121.1677482
101.459999084,31.1508037,121.1677486
101.449996948,31.1508036,121.1677491
101.440002441,31.1508036,121.1677494
101.419998169,31.1508035,121.16775
101.400001526,31.1508034,121.1677503
101.379997253,31.1508033,121.1677508
101.370002747,31.1508033,121.1677512
101.36000061,31.1508032,121.1677517
101.349998474,31.1508031,121.167752
101.330001831,31.1508031,121.1677525
101.319999695,31.150803,121.1677529
101.300003052,31.1508029,121.1677534
101.290000916,31.1508029,121.1677537
101.279998779,31.1508028,121.1677542
101.260002136,31.1508028,121.1677545
101.239997864,31.1508027,121.1677551
101.230003357,31.1508026,121.1677554
101.220001221,31.1508026,121.1677559
101.199996948,31.1508025,121.1677563
101.180000305,31.1508024,121.1677568
101.169998169,31.1508024,121.1677571
101.13999939,31.1508023,121.1677576
101.129997253,31.1508023,121.167758
101.11000061,31.1508022,121.1677585
101.089996338,31.1508021,121.1677589
101.069999695,31.150802,121.1677594
101.059997559,31.150802,121.1677597
101.050003052,31.1508019,121.1677603
101.040000916,31.1508018,121.1677606
101.010002136,31.1508018,121.1677612
101.0,31.1508017,121.1677615
100.989997864,31.1508016,121.167762
100.980003357,31.1508016,121.1677624
100.959999084,31.1508015,121.1677629
100.949996948,31.1508014,121.1677633
100.930000305,31.1508014,121.1677638
100.919998169,31.1508013,121.1677641
100.900001526,31.1508012,121.1677647
100.88999939,31.1508012,121.167765
100.870002747,31.1508011,121.1677655
100.86000061,31.1508011,121.1677659
100.839996338,31.150801,121.1677664
100.819999695,31.1508009,121.1677668
100.809997559,31.1508009,121.1677673
100.790000916,31.1508008,121.1677676
100.769996643,31.1508008,121.1677682
100.75,31.1508007,121.1677685
100.730003357,31.1508006,121.1677691
100.709999084,31.1508006,121.1677694
100.690002441,31.1508005,121.16777
100.669998169,31.1508005,121.1677703
100.650001526,31.1508004,121.1677708
100.650001526,31.1508004,121.1677712
100.650001526,31.1508003,121.1677717
100.63999939,31.1508002,121.167772
100.620002747,31.1508001,121.1677725
100.61000061,31.1508001,121.1677729
100.599998474,31.1508,121.1677734
100.599998474,31.1507999,121.1677737
100.589996338,31.1507999,121.1677743
100.569999695,31.1507998,121.1677746
100.559997559,31.1507997,121.1677751
100.540000916,31.1507997,121.1677755
100.540000916,31.1507996,121.167776
100.529998779,31.1507995,121.1677763
100.510002136,31.1507994,121.1677768
100.489997864,31.1507994,121.1677771
100.489997864,31.1507993,121.1677776
100.489997864,31.1507992,121.1677779
100.480003357,31.1507991,121.1677784
100.470001221,31.1507991,121.1677788
100.449996948,31.150799,121.1677792
100.449996948,31.150799,121.1677796
100.440002441,31.1507989,121.16778
100.430000305,31.1507988,121.1677804
100.410003662,31.1507988,121.1677808
100.400001526,31.1507987,121.1677812
100.379997253,31.1507987,121.1677817
100.370002747,31.1507986,121.167782
100.36000061,31.1507985,121.1677825
100.339996338,31.1507985,121.1677828
100.319999695,31.1507984,121.1677833
100.309997559,31.1507983,121.1677836
100.300003052,31.1507983,121.1677841
100.290000916,31.1507982,121.1677845
100.269996643,31.1507982,121.167785
100.260002136,31.1507981,121.1677853
100.239997864,31.150798,121.1677859
100.230003357,31.150798,121.1677862
100.209999084,31.1507979,121.1677867
100.180000305,31.1507979,121.1677871
100.13999939,31.1507978,121.1677876
100.11000061,31.1507977,121.167788
100.059997559,31.1507977,121.1677885
100.029998779,31.1507976,121.1677889
99.9800033569,31.1507975,121.1677894
99.9400024414,31.1507975,121.1677897
99.8899993896,31.1507974,121.1677903
99.8600006104,31.1507974,121.1677906
99.8199996948,31.1507973,121.1677912
99.7900009155,31.1507972,121.1677915
99.75,31.1507972,121.1677919
99.6999969482,31.1507971,121.1677924
99.6500015259,31.1507971,121.1677929
99.6200027466,31.150797,121.1677933
99.5699996948,31.1507969,121.1677938
99.5400009155,31.1507969,121.1677942
99.4899978638,31.1507968,121.1677947
99.4700012207,31.1507968,121.1677951
99.4400024414,31.1507967,121.1677956
99.4199981689,31.1507967,121.167796
99.3899993896,31.1507966,121.1677965
99.3700027466,31.1507966,121.1677968
99.3399963379,31.1507965,121.1677974
99.3199996948,31.1507965,121.1677977
99.3099975586,31.1507964,121.1677982
99.3000030518,31.1507964,121.1677986
99.3000030518,31.1507963,121.1677991
99.3000030518,31.1507963,121.1677994
99.3099975586,31.1507963,121.1677999
99.3099975586,31.1507962,121.1678003
99.3099975586,31.1507962,121.1678008
99.2900009155,31.1507961,121.1678011
99.2799987793,31.1507961,121.1678017
99.2900009155,31.150796,121.167802
99.2900009155,31.1507959,121.1678025
99.2900009155,31.1507959,121.1678029
99.2799987793,31.1507958,121.1678034
99.2799987793,31.1507957,121.1678037
99.2799987793,31.1507957,121.1678042
99.2799987793,31.1507956,121.1678045
99.2799987793,31.1507956,121.167805
99.2799987793,31.1507955,121.1678053
99.2699966431,31.1507954,121.1678058
99.2699966431,31.1507954,121.1678062
99.2699966431,31.1507953,121.1678066
99.2600021362,31.1507953,121.167807
99.25,31.1507952,121.1678075
99.2399978638,31.1507952,121.1678078
99.2300033569,31.1507951,121.1678082
99.2300033569,31.150795,121.1678086
99.2300033569,31.1507949,121.167809
99.2200012207,31.1507949,121.1678093
99.2099990845,31.1507948,121.1678098
99.2099990845,31.1507948,121.1678101
99.2200012207,31.1507947,121.1678105
99.2200012207,31.1507947,121.1678108
99.2200012207,31.1507946,121.1678113
99.2200012207,31.1507946,121.1678116
99.2200012207,31.1507945,121.1678121
99.2200012207,31.1507945,121.1678124
99.2200012207,31.1507944,121.1678129
99.2200012207,31.1507944,121.1678132
99.2200012207,31.1507943,121.1678137
99.2200012207,31.1507942,121.167814
99.2300033569,31.1507942,121.1678145
99.2300033569,31.1507941,121.1678148
99.2300033569,31.1507941,121.1678153
99.2300033569,31.150794,121.1678156
99.2300033569,31.150794,121.1678161
99.2300033569,31.1507939,121.1678165
99.2200012207,31.1507939,121.167817
99.2200012207,31.1507938,121.1678174
99.2200012207,31.1507937,121.1678179
99.2200012207,31.1507937,121.1678182
99.2200012207,31.1507936,121.1678188
99.2099990845,31.1507936,121.1678191
99.2099990845,31.1507935,121.1678197
99.2099990845,31.1507934,121.16782
99.2099990845,31.1507934,121.1678206
99.2099990845,31.1507933,121.1678209
99.2099990845,31.1507932,121.1678214
99.2099990845,31.1507932,121.1678218
99.2099990845,31.1507931,121.1678224
99.2099990845,31.1507931,121.1678227
99.2099990845,31.150793,121.1678233
99.2099990845,31.150793,121.1678236
99.1999969482,31.1507929,121.1678241
99.1999969482,31.1507928,121.1678245
99.1999969482,31.1507928,121.1678251
99.2099990845,31.1507927,121.1678254
99.1999969482,31.1507926,121.167826
99.1999969482,31.1507926,121.1678263
99.1999969482,31.1507925,121.1678269
99.1999969482,31.1507925,121.1678272
99.1999969482,31.1507924,121.1678278
99.1999969482,31.1507923,121.1678281
99.1999969482,31.1507923,121.1678286
99.1999969482,31.1507922,121.167829
99.2099990845,31.1507922,121.1678295
99.2099990845,31.1507921,121.1678298
99.2099990845,31.1507921,121.1678303
99.2099990845,31.150792,121.1678307
99.2099990845,31.150792,121.1678312
99.2099990845,31.1507919,121.1678315
99.2099990845,31.1507918,121.167832
99.2099990845,31.1507918,121.1678323
99.2099990845,31.1507917,121.1678328
99.2099990845,31.1507917,121.1678332
99.2099990845,31.1507916,121.1678337
99.2099990845,31.1507916,121.167834
99.2099990845,31.1507915,121.1678345
99.1999969482,31.1507915,121.1678349
99.1999969482,31.1507914,121.1678353
99.1999969482,31.1507914,121.1678357
99.1999969482,31.1507913,121.1678362
99.1900024414,31.1507913,121.1678365
99.1900024414,31.1507912,121.167837
99.1900024414,31.1507911,121.1678374
99.1900024414,31.1507911,121.1678379
99.1900024414,31.150791,121.1678382
99.1900024414,31.150791,121.1678387
99.1900024414,31.1507909,121.167839
99.1900024414,31.1507909,121.1678392
99.1900024414,31.1507908,121.1678399
99.1900024414,31.1507908,121.1678404
99.1900024414,31.1507907,121.1678407
99.1900024414,31.1507907,121.1678412
99.1900024414,31.1507906,121.1678415
99.1999969482,31.1507906,121.167842
99.2099990845,31.1507905,121.1678424
99.2200012207,31.1507904,121.1678429
99.2300033569,31.1507904,121.1678432
99.25,31.1507903,121.1678437
99.2600021362,31.1507903,121.1678441
99.2900009155,31.1507902,121.1678446
99.3000030518,31.1507902,121.1678449
99.3199996948,31.1507901,121.1678454
99.3300018311,31.15079,121.1678458
99.3600006104,31.15079,121.1678463
99.3700027466,31.1507899,121.1678467
99.4000015259,31.1507898,121.1678472
99.4100036621,31.1507898,121.1678475
99.4400024414,31.1507897,121.167848
99.4499969482,31.1507897,121.1678484
99.4800033569,31.1507896,121.1678489
99.5,31.1507895,121.1678492
99.5199966431,31.1507895,121.1678498
99.5400009155,31.1507894,121.1678501
99.5599975586,31.1507893,121.1678506
99.5800018311,31.1507893,121.167851
99.5999984741,31.1507892,121.1678515
99.6200027466,31.1507892,121.1678518
99.6500015259,31.1507891,121.1678523
99.6600036621,31.150789,121.1678527
99.6900024414,31.150789,121.1678532
99.7099990845,31.1507889,121.1678535
99.7300033569,31.1507888,121.167854
99.75,31.1507888,121.1678544
99.7699966431,31.1507887,121.1678549
99.7900009155,31.1507887,121.1678553
99.8099975586,31.1507886,121.1678558
99.8300018311,31.1507885,121.1678561
99.8499984741,31.1507885,121.1678566
99.8700027466,31.1507884,121.167857
99.8899993896,31.1507883,121.1678575
99.9100036621,31.1507883,121.1678578
99.9300003052,31.1507882,121.1678583
99.9499969482,31.1507881,121.1678586
99.9700012207,31.1507881,121.1678591
99.9899978638,31.150788,121.1678595
100.019996643,31.1507879,121.16786
100.029998779,31.1507879,121.1678603
100.059997559,31.1507878,121.1678608
100.069999695,31.1507878,121.1678611
100.099998474,31.1507877,121.1678616
100.120002747,31.1507876,121.167862
100.13999939,31.1507876,121.1678625
100.160003662,31.1507875,121.1678628
100.180000305,31.1507874,121.1678633
100.199996948,31.1507874,121.1678636
100.230003357,31.1507873,121.1678641
100.239997864,31.1507873,121.1678645
100.269996643,31.1507872,121.167865
100.279998779,31.1507871,121.1678653
100.300003052,31.1507871,121.1678658
100.319999695,31.150787,121.1678662
100.349998474,31.1507869,121.1678667
100.36000061,31.1507869,121.167867
100.38999939,31.1507868,121.1678675
100.400001526,31.1507867,121.1678679
100.430000305,31.1507867,121.1678684
100.449996948,31.1507866,121.1678687
100.480003357,31.1507865,121.1678692
100.5,31.1507865,121.1678695
100.529998779,31.1507864,121.1678701
100.550003052,31.1507863,121.1678704
100.569999695,31.1507863,121.1678709
100.589996338,31.1507862,121.1678713
100.620002747,31.1507861,121.1678718
100.63999939,31.1507861,121.1678721
100.669998169,31.150786,121.1678726
100.690002441,31.1507859,121.167873
100.709999084,31.1507858,121.1678735
100.720001221,31.1507858,121.1678738
100.739997864,31.1507857,121.1678743
100.75,31.1507857,121.1678747
100.760002136,31.1507856,121.1678752
100.769996643,31.1507855,121.1678755
100.779998779,31.1507854,121.1678761
100.790000916,31.1507854,121.1678764
100.800003052,31.1507853,121.1678769
100.809997559,31.1507853,121.1678772
100.830001831,31.1507852,121.1678777
100.830001831,31.1507851,121.1678781
100.839996338,31.1507851,121.1678786
100.849998474,31.150785,121.1678789
100.86000061,31.1507849,121.1678794
100.870002747,31.1507849,121.1678798
100.879997253,31.1507848,121.1678803
100.88999939,31.1507848,121.1678806
100.900001526,31.1507847,121.1678811
100.910003662,31.1507846,121.1678815
100.919998169,31.1507845,121.167882
100.930000305,31.1507845,121.1678823
100.940002441,31.1507844,121.1678828
100.940002441,31.1507844,121.1678832
100.959999084,31.1507843,121.1678837
100.970001221,31.1507842,121.167884
100.980003357,31.1507841,121.1678845
100.989997864,31.1507841,121.1678849
101.0,31.150784,121.1678854
101.0,31.1507839,121.1678858
101.0,31.1507839,121.1678863
100.989997864,31.1507838,121.1678866
100.970001221,31.1507837,121.1678871
100.949996948,31.1507837,121.1678875
100.940002441,31.1507836,121.167888
100.930000305,31.1507835,121.1678883
100.910003662,31.1507835,121.1678888
100.900001526,31.1507834,121.1678891
100.879997253,31.1507833,121.1678897
100.870002747,31.1507833,121.16789
100.849998474,31.1507832,121.1678905
100.839996338,31.1507832,121.1678908
100.819999695,31.1507831,121.1678914
100.809997559,31.150783,121.1678917
100.790000916,31.150783,121.1678922
100.779998779,31.1507829,121.1678926
100.760002136,31.1507828,121.1678931
100.75,31.1507828,121.1678934
100.730003357,31.1507827,121.167894
100.709999084,31.1507827,121.1678943
100.690002441,31.1507826,121.1678948
100.680000305,31.1507825,121.1678952
100.660003662,31.1507825,121.1678957
100.650001526,31.1507824,121.1678961
100.629997253,31.1507823,121.1678966
100.61000061,31.1507823,121.167897
100.589996338,31.1507822,121.1678975
100.580001831,31.1507821,121.1678978
100.559997559,31.1507821,121.1678984
100.550003052,31.150782,121.1678987
100.540000916,31.150782,121.1678992
100.519996643,31.1507819,121.1678996
100.5,31.1507818,121.1679001
100.489997864,31.1507818,121.1679004
100.480003357,31.1507817,121.167901
100.470001221,31.1507817,121.1679013
100.449996948,31.1507816,121.1679018
100.430000305,31.1507815,121.1679022
100.410003662,31.1507815,121.1679027
100.400001526,31.1507814,121.167903
100.379997253,31.1507813,121.1679035
100.370002747,31.1507813,121.1679039
100.349998474,31.1507812,121.1679044
100.339996338,31.1507812,121.1679047
100.319999695,31.1507811,121.1679052
100.309997559,31.1507811,121.1679055
100.290000916,31.150781,121.167906
100.279998779,31.1507809,121.1679064
100.260002136,31.1507809,121.1679069
100.25,31.1507808,121.1679072
100.230003357,31.1507807,121.1679077
100.220001221,31.1507807,121.167908
100.209999084,31.1507806,121.1679085
100.209999084,31.1507806,121.1679088
100.190002441,31.1507805,121.1679094
100.180000305,31.1507805,121.1679097
100.169998169,31.1507804,121.1679102
100.150001526,31.1507804,121.1679105
100.13999939,31.1507803,121.167911
100.129997253,31.1507802,121.1679114
100.120002747,31.1507802,121.1679119
100.11000061,31.1507801,121.1679123
100.089996338,31.15078,121.1679128
100.080001831,31.15078,121.1679131
100.059997559,31.1507799,121.1679137
100.040000916,31.1507799,121.167914
100.019996643,31.1507798,121.1679146
100.010002136,31.1507797,121.1679149
99.9899978638,31.1507797,121.1679155
99.9800033569,31.1507796,121.1679158
99.9599990845,31.1507795,121.1679164
99.9499969482,31.1507795,121.1679168
99.9300003052,31.1507794,121.1679173
99.9199981689,31.1507794,121.1679177
99.9000015259,31.1507793,121.1679182
99.9000015259,31.1507792,121.1679186
99.8799972534,31.1507792,121.1679191
99.8700027466,31.1507791,121.1679195
99.8499984741,31.150779,121.16792
99.8399963379,31.150779,121.1679204
99.8300018311,31.1507789,121.1679209
99.8199996948,31.1507789,121.1679213
99.8000030518,31.1507788,121.1679219
99.7799987793,31.1507788,121.1679222
99.7600021362,31.1507787,121.1679228
99.75,31.1507786,121.1679231
99.7300033569,31.1507786,121.1679237
99.7200012207,31.1507785,121.1679241
99.6900024414,31.1507784,121.1679246
99.6800003052,31.1507784,121.167925
99.6600036621,31.1507783,121.1679255
99.6500015259,31.1507783,121.1679259
99.6299972534,31.1507782,121.1679264
99.6200027466,31.1507781,121.1679268
99.6100006104,31.1507781,121.1679273
99.5999984741,31.150778,121.1679277
99.5800018311,31.150778,121.1679282
99.5699996948,31.1507779,121.1679286
99.5599975586,31.1507778,121.1679291
99.5500030518,31.1507778,121.1679294
99.5400009155,31.1507777,121.16793
99.5299987793,31.1507777,121.1679303
99.5299987793,31.1507776,121.1679308
99.5299987793,31.1507776,121.1679312
99.5299987793,31.1507775,121.1679317
99.5299987793,31.1507775,121.167932
99.5299987793,31.1507774,121.1679326
99.5299987793,31.1507774,121.1679326
99.5299987793,31.1507773,121.1679332
99.5400009155,31.1507772,121.1679337
99.5299987793,31.1507771,121.1679343
99.5299987793,31.1507771,121.1679346
99.5400009155,31.150777,121.1679351
99.5400009155,31.150777,121.1679354
99.5400009155,31.1507769,121.167936
99.5400009155,31.1507769,121.1679363
99.5400009155,31.1507768,121.1679368
99.5400009155,31.1507767,121.1679371
99.5400009155,31.1507767,121.1679376
99.5400009155,31.1507766,121.167938
99.5500030518,31.1507766,121.1679385
99.5500030518,31.1507765,121.1679388
99.5500030518,31.1507765,121.1679393
99.5500030518,31.1507764,121.1679396
99.5500030518,31.1507763,121.1679401
99.5500030518,31.1507763,121.1679405
99.5599975586,31.1507762,121.167941
99.5599975586,31.1507762,121.1679413
99.5599975586,31.1507761,121.1679418
99.5599975586,31.1507761,121.1679422
99.5599975586,31.150776,121.1679427
99.5599975586,31.1507759,121.167943
99.5599975586,31.1507759,121.1679436
99.5599975586,31.1507758,121.1679439
99.5599975586,31.1507757,121.1679444
99.5599975586,31.1507757,121.1679448
99.5599975586,31.1507756,121.1679453
99.5699996948,31.1507756,121.1679457
99.5599975586,31.1507755,121.167946
99.5599975586,31.1507754,121.1679465
99.5599975586,31.1507754,121.1679471
99.5699996948,31.1507753,121.1679474
99.5699996948,31.1507753,121.1679479
99.5699996948,31.1507752,121.1679483
99.5699996948,31.1507751,121.1679488
99.5699996948,31.1507751,121.1679491
99.5800018311,31.150775,121.1679497
99.5800018311,31.1507749,121.16795
99.5800018311,31.1507749,121.1679505
99.5800018311,31.1507748,121.1679509
99.5800018311,31.1507747,121.1679514
99.5899963379,31.1507747,121.1679518
99.5899963379,31.1507746,121.1679523
99.5899963379,31.1507746,121.1679526
99.5899963379,31.1507745,121.1679532
99.5899963379,31.1507745,121.1679535
99.5899963379,31.1507744,121.167954
99.5899963379,31.1507743,121.1679544
99.5899963379,31.1507743,121.1679549
99.5899963379,31.1507742,121.1679553
99.5899963379,31.1507742,121.1679558
99.5999984741,31.1507741,121.1679561
99.5999984741,31.150774,121.1679567
99.5999984741,31.150774,121.167957
99.5999984741,31.1507739,121.1679575
99.5999984741,31.1507739,121.1679579
99.5999984741,31.1507738,121.1679584
99.5999984741,31.1507737,121.1679587
99.5999984741,31.1507737,121.1679592
99.5999984741,31.1507736,121.1679596
99.6100006104,31.1507736,121.1679601
99.6100006104,31.1507735,121.1679604
99.6100006104,31.1507735,121.1679609
99.6100006104,31.1507734,121.1679612
99.6100006104,31.1507733,121.1679618
99.6100006104,31.1507733,121.1679621
99.6100006104,31.1507732,121.1679626
99.6100006104,31.1507732,121.1679629
99.6100006104,31.1507731,121.1679634
99.6100006104,31.1507731,121.1679638
99.6100006104,31.150773,121.1679643
99.6100006104,31.150773,121.1679646
99.6100006104,31.1507729,121.1679651
99.6100006104,31.1507728,121.1679654
99.6100006104,31.1507728,121.1679659
99.6100006104,31.1507727,121.1679663
99.6100006104,31.1507727,121.1679668
99.6100006104,31.1507726,121.1679671
99.6200027466,31.1507725,121.1679676
99.6200027466,31.1507725,121.167968
99.6200027466,31.1507724,121.1679685
99.6200027466,31.1507724,121.1679688
99.6200027466,31.1507723,121.1679693
99.6299972534,31.1507723,121.1679697
99.6299972534,31.1507722,121.1679702
99.6299972534,31.1507721,121.1679706
99.6299972534,31.1507721,121.1679711
99.6299972534,31.150772,121.1679715
99.6299972534,31.1507719,121.167972
99.6299972534,31.1507719,121.1679724
99.6399993896,31.1507718,121.1679729
99.6399993896,31.1507718,121.1679733
99.6299972534,31.1507717,121.1679738
99.6299972534,31.1507716,121.1679742
99.6299972534,31.1507716,121.1679747
99.6399993896,31.1507715,121.1679751
99.6399993896,31.1507714,121.1679756
99.6399993896,31.1507714,121.167976
99.6399993896,31.1507713,121.1679765
99.6399993896,31.1507713,121.1679769
99.6399993896,31.1507712,121.1679774
99.6500015259,31.1507711,121.1679778
99.6500015259,31.1507711,121.1679784
99.6500015259,31.150771,121.1679787
99.6500015259,31.1507709,121.1679793
99.6500015259,31.1507709,121.1679796
99.6500015259,31.1507708,121.1679802
99.6600036621,31.1507708,121.1679805
99.6600036621,31.1507707,121.1679811
99.6600036621,31.1507706,121.1679814
99.6600036621,31.1507706,121.167982
99.6600036621,31.1507705,121.1679823
99.6600036621,31.1507704,121.1679829
99.6600036621,31.1507704,121.1679832
99.6600036621,31.1507703,121.1679838
99.6600036621,31.1507703,121.1679841
99.6600036621,31.1507702,121.1679847
99.6600036621,31.1507701,121.167985
99.6600036621,31.15077,121.1679855
99.6600036621,31.15077,121.1679859
99.6600036621,31.1507699,121.1679864
99.6699981689,31.1507699,121.1679867
99.6699981689,31.1507698,121.1679872
99.6800003052,31.1507698,121.1679876
99.6800003052,31.1507697,121.1679881
99.6800003052,31.1507696,121.1679886
99.6800003052,31.1507696,121.1679889
99.6800003052,31.1507695,121.1679892
99.6900024414,31.1507694,121.1679897
99.6900024414,31.1507694,121.1679901
99.6900024414,31.1507693,121.1679906
99.6900024414,31.1507693,121.1679909
99.6900024414,31.1507692,121.1679914
99.6900024414,31.1507692,121.1679917
99.6999969482,31.1507691,121.1679922
99.6999969482,31.1507691,121.1679925
99.6900024414,31.150769,121.167993
99.6900024414,31.150769,121.1679934
99.6900024414,31.1507689,121.1679939
99.6999969482,31.1507688,121.1679942
99.6999969482,31.1507688,121.1679947
99.6999969482,31.1507687,121.167995
99.6999969482,31.1507687,121.1679955
99.6999969482,31.1507686,121.1679958
99.6999969482,31.1507685,121.1679963
99.6999969482,31.1507685,121.1679967
99.6999969482,31.1507684,121.1679972
99.7099990845,31.1507684,121.1679975
99.7099990845,31.1507683,121.167998
99.7099990845,31.1507683,121.1679983
99.7099990845,31.1507682,121.1679988
99.7099990845,31.1507682,121.1679992
99.7099990845,31.1507681,121.1679997
99.7099990845,31.1507681,121.168
99.7099990845,31.150768,121.1680006
99.7099990845,31.1507679,121.1680009
99.7099990845,31.1507679,121.1680014
99.7200012207,31.1507678,121.1680018
99.7200012207,31.1507677,121.1680023
99.7200012207,31.1507677,121.1680027
99.7099990845,31.1507676,121.1680032
99.7099990845,31.1507675,121.1680036
99.7200012207,31.1507675,121.1680041
99.7200012207,31.1507674,121.1680045
99.7200012207,31.1507673,121.168005
99.7200012207,31.1507673,121.1680054
99.7200012207,31.1507672,121.1680059
99.7300033569,31.1507672,121.1680063
99.7399978638,31.1507671,121.1680068
99.7399978638,31.150767,121.1680071
99.7399978638,31.150767,121.1680077
99.7399978638,31.1507669,121.168008
99.75,31.1507668,121.1680085
99.75,31.1507668,121.1680089
99.75,31.1507667,121.1680094
99.75,31.1507667,121.1680098
99.7600021362,31.1507666,121.1680103
99.7600021362,31.1507665,121.1680106
99.7600021362,31.1507665,121.1680112
99.7600021362,31.1507664,121.1680115
99.7699966431,31.1507663,121.168012
99.7699966431,31.1507663,121.1680124
99.7699966431,31.1507662,121.1680129
99.7699966431,31.1507662,121.1680132
99.7699966431,31.1507661,121.1680137
99.7699966431,31.1507661,121.1680141
99.7699966431,31.150766,121.1680146
99.7699966431,31.150766,121.1680149
99.7799987793,31.1507659,121.1680154
99.7799987793,31.1507658,121.1680159
99.7799987793,31.1507658,121.1680162
99.7799987793,31.1507657,121.1680165
99.7799987793,31.1507657,121.168017
99.7799987793,31.1507656,121.1680173
99.7799987793,31.1507655,121.1680178
99.7799987793,31.1507655,121.1680181
99.7900009155,31.1507654,121.1680186
99.7900009155,31.1507654,121.1680189
99.7799987793,31.1507653,121.1680194
99.7799987793,31.1507653,121.1680197
99.7799987793,31.1507652,121.1680202
99.7799987793,31.1507652,121.1680205
99.7900009155,31.1507651,121.168021
99.7900009155,31.1507651,121.1680213
99.7799987793,31.150765,121.1680218
99.7799987793,31.150765,121.1680221
99.7799987793,31.1507649,121.1680226
99.7799987793,31.1507648,121.1680229
99.7799987793,31.1507648,121.1680234
99.7799987793,31.1507647,121.1680237
99.7799987793,31.1507647,121.1680242
99.7799987793,31.1507646,121.1680245
99.7799987793,31.1507646,121.168025
99.7799987793,31.1507645,121.1680253
99.7799987793,31.1507645,121.1680255
99.7699966431,31.1507644,121.1680261
99.75,31.1507644,121.1680266
99.7399978638,31.1507643,121.1680269
99.7300033569,31.1507643,121.1680274
99.7200012207,31.1507643,121.1680277
99.7099990845,31.1507642,121.1680282
99.6999969482,31.1507642,121.1680285
99.6699981689,31.1507641,121.168029
99.6600036621,31.1507641,121.1680293
99.6500015259,31.150764,121.1680298
99.6500015259,31.1507639,121.1680302
99.6299972534,31.1507639,121.1680307
99.6100006104,31.1507638,121.168031
99.5999984741,31.1507637,121.1680315
99.5800018311,31.1507637,121.1680319
99.5599975586,31.1507636,121.1680324
99.5400009155,31.1507636,121.1680328
99.5199966431,31.1507635,121.1680333
99.5100021362,31.1507635,121.1680336
99.5,31.1507634,121.1680342
99.4899978638,31.1507634,121.1680345
99.4599990845,31.1507633,121.1680351
99.4400024414,31.1507632,121.1680354
99.4199981689,31.1507632,121.1680359
99.4199981689,31.1507631,121.1680363
99.4100036621,31.150763,121.1680368
99.4000015259,31.150763,121.1680372
99.3600006104,31.1507629,121.1680377
99.3300018311,31.1507629,121.1680381
99.3199996948,31.1507628,121.1680386
99.3199996948,31.1507628,121.1680389
99.3000030518,31.1507627,121.1680395
99.2799987793,31.1507626,121.1680398
99.25,31.1507626,121.1680404
99.2399978638,31.1507625,121.1680407
99.2300033569,31.1507624,121.1680412
99.2200012207,31.1507624,121.1680416
99.1900024414,31.1507623,121.1680421
99.1699981689,31.1507623,121.1680424
99.1500015259,31.1507622,121.168043
99.1500015259,31.1507622,121.1680433
99.1299972534,31.1507621,121.1680438
99.1200027466,31.150762,121.1680442
99.0999984741,31.150762,121.1680447
99.0899963379,31.1507619,121.168045
99.0800018311,31.1507619,121.1680455
99.0699996948,31.1507618,121.1680458
99.0500030518,31.1507618,121.1680463
99.0400009155,31.1507617,121.1680466
99.0199966431,31.1507617,121.1680471
99.0199966431,31.1507616,121.1680474
99.0,31.1507616,121.1680479
98.9899978638,31.1507615,121.1680483
98.9700012207,31.1507615,121.1680487
98.9700012207,31.1507614,121.1680491
98.9599990845,31.1507614,121.1680495
98.9499969482,31.1507613,121.1680499
98.9300003052,31.1507613,121.1680503
98.9100036621,31.1507612,121.1680507
98.9000015259,31.1507612,121.1680512
98.8899993896,31.1507611,121.1680515
98.8700027466,31.1507611,121.168052
98.8600006104,31.150761,121.1680523
98.8399963379,31.150761,121.1680528
98.8300018311,31.1507609,121.1680531
98.8199996948,31.1507609,121.1680536
98.8099975586,31.1507608,121.1680539
98.8000030518,31.1507608,121.1680544
98.7900009155,31.1507607,121.1680548
98.7699966431,31.1507607,121.1680552
98.7600021362,31.1507606,121.1680556
98.75,31.1507606,121.1680561
98.7399978638,31.1507605,121.1680564
98.7300033569,31.1507605,121.1680569
98.7200012207,31.1507604,121.1680573
98.7099990845,31.1507604,121.1680578
98.6999969482,31.1507603,121.1680581
98.6900024414,31.1507603,121.1680586
98.6699981689,31.1507602,121.168059
98.6600036621,31.1507602,121.1680595
98.6500015259,31.1507602,121.1680598
98.6299972534,31.1507601,121.1680603
98.6200027466,31.15076,121.1680607
98.5999984741,31.15076,121.1680612
98.5899963379,31.1507599,121.1680616
98.5699996948,31.1507599,121.1680621
98.5500030518,31.1507598,121.1680624
98.5299987793,31.1507598,121.168063
98.5199966431,31.1507597,121.1680633
98.5,31.1507597,121.1680638
98.4899978638,31.1507596,121.1680642
98.4700012207,31.1507595,121.1680647
98.4599990845,31.1507595,121.1680651
98.4499969482,31.1507594,121.1680656
98.4300003052,31.1507594,121.1680661
98.4199981689,31.1507593,121.1680664
98.4100036621,31.1507593,121.1680668
98.3899993896,31.1507592,121.1680673
98.3799972534,31.1507592,121.1680677
98.3600006104,31.1507591,121.1680682
98.3499984741,31.1507591,121.1680685
98.3300018311,31.150759,121.168069
98.3199996948,31.150759,121.1680696
98.3000030518,31.1507589,121.1680699
98.2900009155,31.1507589,121.1680702
98.2699966431,31.1507588,121.1680708
98.2600021362,31.1507588,121.1680711
98.2399978638,31.1507587,121.1680716
98.2200012207,31.1507587,121.1680719
98.2099990845,31.1507587,121.1680724
98.1900024414,31.1507586,121.1680729
98.1800003052,31.1507586,121.1680733
98.1600036621,31.1507585,121.1680736
98.1500015259,31.1507585,121.1680741
98.1299972534,31.1507584,121.1680746
98.1200027466,31.1507584,121.1680749
98.1100006104,31.1507583,121.1680752
98.0899963379,31.1507583,121.1680757
98.0800018311,31.1507582,121.168076
98.0599975586,31.1507582,121.1680765
98.0500030518,31.1507582,121.1680769
98.0400009155,31.1507581,121.1680773
98.0299987793,31.1507581,121.1680777
98.0100021362,31.150758,121.1680781
97.9899978638,31.150758,121.1680785
97.9800033569,31.1507579,121.1680789
97.9700012207,31.1507579,121.1680793
97.9499969482,31.1507579,121.1680798
97.9400024414,31.1507578,121.1680801
97.9199981689,31.1507578,121.1680806
97.9000015259,31.1507577,121.1680809
97.8899993896,31.1507577,121.1680814
97.8799972534,31.1507576,121.1680817
97.8600006104,31.1507576,121.1680822
97.8499984741,31.1507575,121.1680825
97.8300018311,31.1507575,121.168083
97.8199996948,31.1507575,121.1680833
97.8000030518,31.1507574,121.1680838
97.7900009155,31.1507574,121.1680841
97.7699966431,31.1507573,121.1680846
97.7600021362,31.1507573,121.168085
97.75,31.1507572,121.1680855
97.7399978638,31.1507572,121.168086
97.7200012207,31.1507571,121.1680863
97.6999969482,31.1507571,121.1680866
97.6800003052,31.1507571,121.1680872
97.6699981689,31.150757,121.1680875
97.6800003052,31.1507569,121.168088
97.6800003052,31.1507569,121.1680884
97.6699981689,31.1507568,121.1680889
97.6600036621,31.1507568,121.1680893
97.6600036621,31.1507568,121.1680898
97.6600036621,31.1507567,121.1680901
97.6600036621,31.1507567,121.1680907
97.6600036621,31.1507566,121.168091
97.6500015259,31.1507566,121.1680916
97.6500015259,31.1507565,121.1680919
97.6500015259,31.1507565,121.1680925
97.6500015259,31.1507564,121.1680928
97.6399993896,31.1507564,121.1680933
97.6399993896,31.1507563,121.1680937
97.6399993896,31.1507563,121.1680942
97.6399993896,31.1507562,121.1680947
97.6399993896,31.1507562,121.1680951
97.6399993896,31.1507562,121.1680954
97.6399993896,31.1507561,121.168096
97.6399993896,31.1507561,121.1680965
97.6399993896,31.150756,121.1680969
97.6399993896,31.150756,121.1680972
97.6299972534,31.150756,121.1680977
97.6299972534,31.1507559,121.1680981
97.6299972534,31.1507559,121.1680986
97.6299972534,31.1507558,121.168099
97.6299972534,31.1507558,121.1680995
97.6299972534,31.1507557,121.1680999
97.6299972534,31.1507557,121.1681004
97.6299972534,31.1507556,121.1681007
97.6299972534,31.1507556,121.1681013
97.6299972534,31.1507555,121.1681016
97.6299972534,31.1507555,121.1681021
97.6299972534,31.1507555,121.1681025
97.6299972534,31.1507554,121.168103
97.6299972534,31.1507554,121.1681034
97.6299972534,31.1507553,121.1681039
97.6299972534,31.1507553,121.1681042
97.6299972534,31.1507552,121.1681047
97.6299972534,31.1507552,121.1681051
97.6399993896,31.1507551,121.1681056
97.6399993896,31.1507551,121.1681059
97.6399993896,31.150755,121.1681064
97.6399993896,31.150755,121.1681069
97.6399993896,31.1507549,121.1681072
97.6500015259,31.1507549,121.1681076
97.6500015259,31.1507548,121.1681081
97.6500015259,31.1507548,121.1681084
97.6500015259,31.1507548,121.1681089
97.6399993896,31.1507547,121.1681092
97.6399993896,31.1507547,121.1681098
97.6399993896,31.1507546,121.1681101
97.6399993896,31.1507546,121.1681106
97.6399993896,31.1507545,121.1681109
97.6399993896,31.1507545,121.1681114
97.6399993896,31.1507544,121.1681118
97.6399993896,31.1507544,121.1681123
97.6399993896,31.1507544,121.1681126
97.6399993896,31.1507543,121.1681131
97.6399993896,31.1507543,121.1681134
97.6399993896,31.1507542,121.1681139
97.6399993896,31.1507542,121.1681143
97.6399993896,31.1507541,121.1681148
97.6399993896,31.1507541,121.1681151
97.6399993896,31.150754,121.1681156
97.6399993896,31.150754,121.1681159
97.6399993896,31.1507539,121.1681165
97.6500015259,31.1507539,121.168117
97.6500015259,31.1507539,121.1681172
97.6500015259,31.1507539,121.1681172
97.6399993896,31.1507538,121.1681177
97.6399993896,31.1507537,121.1681187
97.6500015259,31.1507536,121.1681191
97.6399993896,31.1507536,121.1681194
97.6399993896,31.1507535,121.1681199
97.6399993896,31.1507535,121.1681203
97.6399993896,31.1507534,121.1681208
97.6399993896,31.1507534,121.1681212
97.6399993896,31.1507533,121.1681217
97.6399993896,31.1507533,121.1681221
97.6399993896,31.1507533,121.1681226
97.6399993896,31.1507532,121.168123
97.6399993896,31.1507532,121.1681235
97.6500015259,31.1507531,121.1681239
97.6500015259,31.1507531,121.1681244
97.6500015259,31.150753,121.1681247
97.6600036621,31.150753,121.1681252
97.6600036621,31.1507529,121.1681258
97.6600036621,31.1507529,121.1681261
97.6699981689,31.1507528,121.1681265
97.6699981689,31.1507528,121.168127
97.6699981689,31.1507527,121.1681274
97.6699981689,31.1507527,121.1681279
97.6800003052,31.1507526,121.1681282
97.6800003052,31.1507526,121.1681288
97.6699981689,31.1507525,121.1681293
97.6699981689,31.1507525,121.1681296
97.6699981689,31.1507525,121.16813
97.6800003052,31.1507524,121.1681305
97.6800003052,31.1507524,121.1681308
97.6699981689,31.1507523,121.1681313
97.6699981689,31.1507523,121.1681317
97.6800003052,31.1507522,121.1681322
97.6800003052,31.1507522,121.1681325
97.6800003052,31.1507521,121.1681331
97.6800003052,31.1507521,121.1681334
97.6800003052,31.150752,121.1681339
97.6800003052,31.150752,121.1681343
97.6800003052,31.1507519,121.1681348
97.6800003052,31.1507519,121.1681351
97.6800003052,31.1507518,121.1681357
97.6800003052,31.1507518,121.168136
97.6900024414,31.1507517,121.1681365
97.6900024414,31.1507517,121.1681369
97.6900024414,31.1507516,121.1681374
97.6900024414,31.1507516,121.1681378
97.6900024414,31.1507515,121.1681383
97.6900024414,31.1507515,121.1681386
97.6900024414,31.1507514,121.1681392
97.6900024414,31.1507514,121.1681397
97.6900024414,31.1507513,121.16814
97.6900024414,31.1507513,121.1681404
97.6900024414,31.1507512,121.1681409
97.6900024414,31.1507512,121.1681414
97.6900024414,31.1507511,121.1681418
97.6900024414,31.1507511,121.1681421
97.6900024414,31.150751,121.1681426
97.6999969482,31.150751,121.168143
97.6999969482,31.1507509,121.1681435
97.7099990845,31.1507509,121.1681438
97.6999969482,31.1507508,121.1681443
97.6999969482,31.1507508,121.1681446
97.7099990845,31.1507507,121.1681451
97.7099990845,31.1507507,121.1681455
97.7200012207,31.1507506,121.168146
97.7200012207,31.1507506,121.1681465
97.7200012207,31.1507505,121.1681468
97.7200012207,31.1507505,121.1681472
97.7200012207,31.1507505,121.1681477
97.7200012207,31.1507504,121.168148
97.7200012207,31.1507504,121.1681485
97.7300033569,31.1507503,121.1681489
97.7200012207,31.1507503,121.1681494
97.7200012207,31.1507502,121.1681497
97.7200012207,31.1507502,121.1681503
97.7200012207,31.1507501,121.1681506
97.7200012207,31.1507501,121.1681511
97.7200012207,31.15075,121.1681517
97.7300033569,31.15075,121.168152
97.7300033569,31.1507499,121.1681524
97.7300033569,31.1507499,121.1681529
97.7300033569,31.1507498,121.1681533
97.7399978638,31.1507498,121.1681538
97.7399978638,31.1507497,121.1681542
97.7399978638,31.1507497,121.1681547
97.7399978638,31.1507496,121.1681553
97.7399978638,31.1507496,121.1681556
97.7399978638,31.1507495,121.168156
97.7399978638,31.1507495,121.1681566
97.7399978638,31.1507494,121.1681571
97.7399978638,31.1507494,121.1681575
97.7399978638,31.1507493,121.1681578
97.7399978638,31.1507493,121.1681584
97.75,31.1507492,121.1681589
97.75,31.1507491,121.1681593
97.75,31.1507491,121.1681597
97.75,31.150749,121.16816
97.75,31.150749,121.1681606
97.7600021362,31.1507489,121.1681611
97.7600021362,31.1507489,121.1681615
97.75,31.1507488,121.168162
97.75,31.1507488,121.1681625
97.7600021362,31.1507487,121.1681629
97.7600021362,31.1507487,121.1681632
97.7699966431,31.1507486,121.1681638
97.7699966431,31.1507486,121.1681641
97.7600021362,31.1507485,121.1681646
97.7699966431,31.1507485,121.168165
97.7799987793,31.1507484,121.1681655
97.7799987793,31.1507484,121.168166
97.7799987793,31.1507483,121.1681663
97.7799987793,31.1507483,121.1681667
97.7799987793,31.1507482,121.1681672
97.7900009155,31.1507482,121.1681677
97.7900009155,31.1507481,121.168168
97.7900009155,31.1507481,121.1681684
97.7900009155,31.150748,121.1681689
97.7900009155,31.150748,121.1681694
97.7900009155,31.1507479,121.1681697
97.7900009155,31.1507479,121.1681701
97.7900009155,31.1507479,121.1681706
97.7900009155,31.1507478,121.1681711
97.7799987793,31.1507478,121.1681714
97.7900009155,31.1507477,121.1681718
97.7900009155,31.1507477,121.1681723
97.7900009155,31.1507476,121.1681728
97.7900009155,31.1507476,121.1681731
97.7900009155,31.1507475,121.1681735
97.7900009155,31.1507475,121.168174
97.7900009155,31.1507474,121.1681745
97.7900009155,31.1507474,121.1681749
97.7799987793,31.1507474,121.1681752
97.7900009155,31.1507473,121.1681757
97.7900009155,31.1507472,121.1681763
97.7900009155,31.1507472,121.1681766
97.7900009155,31.1507472,121.168177
97.7799987793,31.1507471,121.1681775
97.7900009155,31.1507471,121.1681778
97.7900009155,31.150747,121.1681784
97.7900009155,31.1507469,121.1681789
97.7900009155,31.1507469,121.1681792
97.7799987793,31.1507468,121.1681798
97.7799987793,31.1507468,121.1681801
97.7900009155,31.1507468,121.1681805
97.7900009155,31.1507467,121.168181
97.7900009155,31.1507467,121.1681813
97.7799987793,31.1507466,121.1681819
97.7799987793,31.1507466,121.1681822
97.7900009155,31.1507465,121.1681827
97.8000030518,31.1507465,121.168183
97.8000030518,31.1507464,121.1681836
97.8000030518,31.1507464,121.1681839
97.8000030518,31.1507463,121.1681844
97.8099975586,31.1507463,121.1681849
97.8099975586,31.1507462,121.1681852
97.8099975586,31.1507462,121.1681856
97.8099975586,31.1507461,121.1681861
97.8099975586,31.1507461,121.1681864
97.8099975586,31.150746,121.1681869
97.8199996948,31.150746,121.1681872
97.8199996948,31.1507459,121.1681878
97.8199996948,31.1507459,121.1681883
97.8099975586,31.1507458,121.1681886
97.8099975586,31.1507458,121.168189
97.8099975586,31.1507457,121.1681895
97.8099975586,31.1507457,121.16819
97.8099975586,31.1507456,121.1681903
97.8099975586,31.1507456,121.1681907
97.8099975586,31.1507455,121.1681912
97.8099975586,31.1507455,121.1681915
97.8199996948,31.1507454,121.1681921
97.8199996948,31.1507454,121.1681924
97.8199996948,31.1507453,121.1681929
97.8199996948,31.1507453,121.1681933
97.8300018311,31.1507452,121.1681938
97.8300018311,31.1507452,121.1681942
97.8300018311,31.1507451,121.1681947
97.8300018311,31.1507451,121.1681952
97.8300018311,31.150745,121.1681956
97.8300018311,31.150745,121.1681959
97.8300018311,31.1507449,121.1681964
97.8300018311,31.1507449,121.168197
97.8300018311,31.1507448,121.1681973
97.8300018311,31.1507448,121.1681977
97.8300018311,31.1507447,121.1681982
97.8300018311,31.1507447,121.1681985
97.8300018311,31.1507446,121.168199
97.8300018311,31.1507446,121.1681994
97.8300018311,31.1507445,121.1681999
97.8300018311,31.1507445,121.1682002
97.8399963379,31.1507444,121.1682008
97.8399963379,31.1507444,121.1682011
97.8300018311,31.1507443,121.1682016
97.8300018311,31.1507443,121.1682019
97.8399963379,31.1507442,121.1682025
97.8399963379,31.1507442,121.1682028
97.8499984741,31.1507442,121.1682033
97.8499984741,31.1507441,121.1682038
97.8600006104,31.1507441,121.1682042
97.8600006104,31.150744,121.1682045
97.8600006104,31.150744,121.168205
97.8700027466,31.1507439,121.1682054
97.8700027466,31.1507439,121.1682059
97.8700027466,31.1507438,121.1682062
